fishID,approaches,displacement,duration_in_territory,lateral_displays,mass,size,dcx,ps6,colocolization_avg,col_y/n,dcx_avg_1,dcx_avg_2,dcx_avg_3,ps_avg_1,ps_avg_2,ps_avg_3,territory_duration_binary,cortisol,davids_score
T1a,15,3,0,0,0.158,larger,0,0,0,N,,,,,,,0,695.6493156,0.035714286
T2a,39,22,7.3,1,0.276,larger,0,0,0,N,,,,,,,1,55.29662836,0.488888889
T3a,36,10,0,0,0.354,larger,6.75,5.25,0,N,13.5,,,11.5,,,0,152.5781355,0.263157895
T4a,22,6,0,1,0.194,larger,8.25,7.5,0,N,12,,,8.5,,,0,232.8181795,0.142857143
T5a,27,6,0,0,0.239,larger,2,6.5,0,N,,,,,,,0,93.96133694,0.181818182
T6a,14,2,164.25,3,0.252,larger,18.25,69,0,N,10.75,7,2.25,24.75,47.25,12.75,1,344.5758222,0.043478261
T7a,58,31,6.6,0,0.442,larger,6.5,56.5,0,N,6.5,0,,6.5,50,,1,72.52316464,0.5
T8a,22,2,125.55,2,0.192,larger,58,48.5,3,Y,17,24.5,15.5,9,24,13.5,1,450.369982,0.074074074
T1b,12,2,0,0,0.12,smaller,21,71,2.5,Y,8.5,1,11.5,8,38.5,24.5,0,293.0315348,-0.035714286
T2b,5,0,9.4,0,0.12,smaller,36.25,129.75,1,Y,20.75,13.25,5.75,14.75,72.25,42.75,1,237.8362656,-0.488888889
T3b,1,0,0,0,0.116,smaller,11.25,61,0,N,6.5,0,4.75,11.5,49.5,24.75,0,636.7028136,-0.263157895
T4b,19,0,0,0,0.113,smaller,,,,N,,,,,,,0,206.1008565,-0.142857143
T5b,5,0,3.1,0,0.083,smaller,3.5,24,0,N,3,,,24,,,1,236.3589212,-0.181818182
T6b,8,1,62.7,0,0.145,smaller,15.25,83.75,0.125,Y,6.375,5.125,4.75,27.5,27.5,29.875,1,503.0433045,-0.043478261
T7b,3,0,15.95,0,0.156,smaller,31.25,64.25,0,N,11.25,12,8,9.25,35.75,19.25,1,398.2805182,-0.5
T8b,4,0,155.7,0,0.118,smaller,7.5,14.5,0,N,8.5,,,17,,,1,282.2086065,-0.074074074
